模块	分组	功能	直接网址	当前验证	获取时间
门店独有入口		收银台	https://beta18.pospal.cn/Dashboard/CashierDesk	页面及DOM已读取-未逐按钮实测	2026-10-02T06:56:09.696Z
销售	销售	营业概况	https://beta18.pospal.cn/Report/BusinessSummaryV2	页面及DOM已读取-未逐按钮实测	2026-10-02T06:56:11.549Z
销售	数据分析	营业趋势分析	https://beta18.pospal.cn/Report/BeautySaleAnalysis	页面及DOM已读取-未逐按钮实测	2026-10-02T06:56:13.081Z
销售	数据分析	营业占比分析	https://beta18.pospal.cn/Report/SaleElement	页面及DOM已读取-未逐按钮实测	2026-10-02T06:57:08.784Z
销售	数据分析	次卡概况	https://beta18.pospal.cn/PassProduct/CustomerPassProductSummary	页面及DOM已读取-未逐按钮实测	2026-10-02T06:57:10.295Z
销售	数据分析	折扣卡转卡明细	https://beta18.pospal.cn/ShoppingCard/TransferLog	页面及DOM已读取-未逐按钮实测	2026-10-02T06:57:11.630Z
销售	数据分析	商品销售统计	https://beta18.pospal.cn/ReportV2/ProductSale	页面及DOM已读取-未逐按钮实测	2026-10-02T06:57:13.189Z
销售	数据分析	笔单价分析	https://beta18.pospal.cn/Report/PerTicketSalesAnalysis	页面及DOM已读取-未逐按钮实测	2026-10-02T06:57:14.544Z
销售	数据分析	折扣分析	https://beta18.pospal.cn/Report/DiscountSummary	页面及DOM已读取-未逐按钮实测	2026-10-02T06:57:15.872Z
销售	数据分析	网店概览	https://beta18.pospal.cn/EshopReport/Dashboard	页面及DOM已读取-未逐按钮实测	2026-10-02T06:57:17.123Z
销售	数据分析	分类销售统计	https://beta18.pospal.cn/Custom/CategorySale	页面及DOM已读取-未逐按钮实测	2026-10-02T06:57:18.381Z
销售	数据分析	门店销售汇总	https://beta18.pospal.cn/Extension/ZhengZhong/BusinessSummary	页面及DOM已读取-未逐按钮实测	2026-10-02T06:57:19.719Z
销售	数据分析	客流趋势分析	https://beta18.pospal.cn/Guider/GuiderStoreAnalysis	页面及DOM已读取-未逐按钮实测	2026-10-02T06:57:21.106Z
销售	数据分析	门店负债汇总	https://beta18.pospal.cn/CardReport/StoreDebtSummary	页面及DOM已读取-未逐按钮实测	2026-10-02T06:57:22.364Z
销售	数据分析	门店支付汇总	https://beta18.pospal.cn/ReportV2/StorePaymentSummary	页面及DOM已读取-未逐按钮实测	2026-10-02T06:57:23.664Z
销售	订单中心	销售单据	https://beta18.pospal.cn/Report/Tickets	页面及DOM已读取-未逐按钮实测	2026-10-02T06:57:25.107Z
销售	订单中心	网店订单	https://beta18.pospal.cn/EshopOrder/Orders	页面及DOM已读取-未逐按钮实测	2026-10-02T06:57:26.542Z
销售	订单中心	营销订单	https://beta18.pospal.cn/EshopOrder/EshopMarketingOrders	页面及DOM已读取-未逐按钮实测	2026-10-02T06:57:27.905Z
销售	订单中心	顾客预约	https://beta18.pospal.cn/Appointment/Scheduling	页面及DOM已读取-未逐按钮实测	2026-10-02T06:57:29.329Z
销售	订单中心	预约明细	https://beta18.pospal.cn/Appointment/SchedulingByValet	页面及DOM已读取-未逐按钮实测	2026-10-02T06:57:30.653Z
销售	订单中心	顾客评论	https://beta18.pospal.cn/Comment/Manage	页面及DOM已读取-未逐按钮实测	2026-10-02T06:57:32.021Z
销售	订单中心	异常单据	https://beta18.pospal.cn/Custom/ErrorTicket	页面及DOM已读取-未逐按钮实测	2026-10-02T06:57:33.414Z
销售	订单中心	开票记录	https://beta18.pospal.cn/Invoice/InvoiceLogs	页面及DOM已读取-未逐按钮实测	2026-10-02T06:57:34.744Z
销售	订单中心	审核单据	https://beta18.pospal.cn/Report/CustomTicketInfo	页面及DOM已读取-未逐按钮实测	2026-10-02T06:57:36.370Z
销售	支付中心	银豹付交易账单	https://beta18.pospal.cn/CloudApp/UnionPayBillUrlMoveTip	页面及DOM已读取-未逐按钮实测	2026-10-02T06:57:37.573Z
销售	交班管理	日结记录	https://beta18.pospal.cn/Report/CashierDailySummaryLogs	页面及DOM已读取-未逐按钮实测	2026-10-02T06:57:38.856Z
销售	交班管理	交班记录	https://beta18.pospal.cn/Report/HandoverLogs	页面及DOM已读取-未逐按钮实测	2026-10-02T06:57:40.161Z
商品	商品	商品概览	https://beta18.pospal.cn/Product/Dashboard	页面及DOM已读取-未逐按钮实测	2026-10-02T06:57:41.577Z
商品	商品中心	商品资料	https://beta18.pospal.cn/Product/Manage	页面及DOM已读取-未逐按钮实测	2026-10-02T06:57:43.474Z
商品	商品中心	次卡资料	https://beta18.pospal.cn/PassProduct/ManageForBeauty	页面及DOM已读取-未逐按钮实测	2026-10-02T06:57:44.838Z
商品	商品中心	服务资料	https://beta18.pospal.cn/Product/Services	页面及DOM已读取-未逐按钮实测	2026-10-02T06:57:46.406Z
商品	商品中心	商品分类	https://beta18.pospal.cn/Category/Manage	页面及DOM已读取-未逐按钮实测	2026-10-02T06:57:47.699Z
商品	商品中心	商品设置	https://beta18.pospal.cn/Product/BatchUpdateManage	页面及DOM已读取-未逐按钮实测	2026-10-02T06:57:48.992Z
商品	商品中心	排序管理	https://beta18.pospal.cn/Product/Sort	页面及DOM已读取-未逐按钮实测	2026-10-02T06:57:50.271Z
商品	商品中心	耗材管理	https://beta18.pospal.cn/Product/Tastes	页面及DOM已读取-未逐按钮实测	2026-10-02T06:57:51.657Z
商品	商品中心	组装拆分	https://beta18.pospal.cn/Product/CaseProductItem	页面及DOM已读取-未逐按钮实测	2026-10-02T06:57:53.012Z
商品	商品中心	原材料配置	https://beta18.pospal.cn/Product/RawMeterial	页面及DOM已读取-未逐按钮实测	2026-10-02T06:57:54.568Z
商品	商品中心	调价单	https://beta18.pospal.cn/Product/ProductPriceSchedule	页面及DOM已读取-未逐按钮实测	2026-10-02T06:57:56.102Z
商品	商品中心	项目用品	https://beta18.pospal.cn/Product/NutritionFacts	页面及DOM已读取-未逐按钮实测	2026-10-02T06:57:57.474Z
商品	库存	库存查询	https://beta18.pospal.cn/Inventory/StockCount	页面及DOM已读取-未逐按钮实测	2026-10-02T06:57:58.871Z
商品	库存	库存统计	https://beta18.pospal.cn/Inventory/StockElement	页面及DOM已读取-未逐按钮实测	2026-10-02T06:58:00.233Z
商品	库存	库存预警	https://beta18.pospal.cn/Inventory/StockWarning	页面及DOM已读取-未逐按钮实测	2026-10-02T06:58:01.544Z
商品	库存	变动明细	https://beta18.pospal.cn/Inventory/StockChangeHistory	页面及DOM已读取-未逐按钮实测	2026-10-02T06:58:02.785Z
商品	库存	盘点历史	https://beta18.pospal.cn/Inventory/StockTakingHistoryV2	页面及DOM已读取-未逐按钮实测	2026-10-02T06:58:04.298Z
商品	库存	商品报损	https://beta18.pospal.cn/Inventory/DiscardInventoryHistory	页面及DOM已读取-未逐按钮实测	2026-10-02T06:58:05.813Z
商品	库存	寄存统计	https://beta18.pospal.cn/Inventory/ProductDepositCount	页面及DOM已读取-未逐按钮实测	2026-10-02T06:58:07.326Z
商品	库存	寄存取明细	https://beta18.pospal.cn/Inventory/ProductDepositLog	页面及DOM已读取-未逐按钮实测	2026-10-02T06:58:09.032Z
商品	库存	原材料消耗	https://beta18.pospal.cn/Inventory/RawMeterialConsumption	页面及DOM已读取-未逐按钮实测	2026-10-02T06:58:10.338Z
商品	货流	供货商资料	https://beta18.pospal.cn/Supplier/Manage	页面及DOM已读取-未逐按钮实测	2026-10-02T06:58:11.845Z
商品	货流	门店订货	https://beta18.pospal.cn/StockFlow/ProductRequest	页面及DOM已读取-未逐按钮实测	2026-10-02T06:58:13.470Z
商品	货流	订货模板	https://beta18.pospal.cn/ProductRequest/Template	页面及DOM已读取-未逐按钮实测	2026-10-02T06:58:14.984Z
商品	货流	采购单	https://beta18.pospal.cn/ProductPurchase/Manage	页面及DOM已读取-未逐按钮实测	2026-10-02T06:58:16.815Z
商品	货流	货流管理	https://beta18.pospal.cn/StockFlow/StockFlowList	页面及DOM已读取-未逐按钮实测	2026-10-02T06:58:18.431Z
商品	货流	出入库明细	https://beta18.pospal.cn/StockFlow/ProductStockFlowHistory	页面及DOM已读取-未逐按钮实测	2026-10-02T06:58:19.934Z
商品	货流	商品调货统计	https://beta18.pospal.cn/StockFlow/ProductStockFlow	页面及DOM已读取-未逐按钮实测	2026-10-02T06:58:21.363Z
商品	货流	供货商结算	https://beta18.pospal.cn/StockFlow/SuppilerPaymentCount	页面及DOM已读取-未逐按钮实测	2026-10-02T06:58:22.719Z
商品	货流	进货价分析	https://beta18.pospal.cn/StockFlow/SupplyPrice	页面及DOM已读取-未逐按钮实测	2026-10-02T06:58:24.123Z
商品	货流	门店对账	https://beta18.pospal.cn/StockFlow/StoreAudit	页面及DOM已读取-未逐按钮实测	2026-10-02T06:58:25.496Z
商品	货流	流程设置	https://beta18.pospal.cn/Setting/UserProcessSetting	页面及DOM已读取-未逐按钮实测	2026-10-02T06:58:26.848Z
会员	会员	会员概览	https://beta18.pospal.cn/CustomerReport/CustomerDashboard	页面及DOM已读取-未逐按钮实测	2026-10-02T06:58:28.381Z
会员	会员	散客概览	https://beta18.pospal.cn/Dashboard/Travel	页面及DOM已读取-未逐按钮实测	2026-10-02T06:58:29.796Z
会员	会员	会员体系	https://beta18.pospal.cn/Customer/Introduction	页面及DOM已读取-未逐按钮实测	2026-10-02T06:58:31.127Z
会员	会员中心	会员资料	https://beta18.pospal.cn/Customer/Manage	页面及DOM已读取-未逐按钮实测	2026-10-02T06:58:32.858Z
会员	会员中心	微会员卡	https://beta18.pospal.cn/Eshop/WxCardConfig	页面及DOM已读取-未逐按钮实测	2026-10-02T06:58:34.260Z
会员	会员中心	会员对账	https://beta18.pospal.cn/Customer/History	页面及DOM已读取-未逐按钮实测	2026-10-02T06:58:35.553Z
会员	会员中心	分配公海会员	https://beta18.pospal.cn/Customer/AssignToGuider	页面及DOM已读取-未逐按钮实测	2026-10-02T06:58:36.978Z
会员	会员中心	会员欠款汇总	https://beta18.pospal.cn/CustomerReport/CustomerOwedAmountSummary	页面及DOM已读取-未逐按钮实测	2026-10-02T06:58:38.378Z
会员	权益互动	等级管理	https://beta18.pospal.cn/Customer/CategoryV2	页面及DOM已读取-未逐按钮实测	2026-10-02T06:58:39.841Z
会员	权益互动	积分规则	https://beta18.pospal.cn/CustomerSetting/PointRule	页面及DOM已读取-未逐按钮实测	2026-10-02T06:58:41.490Z
会员	权益互动	充值规则	https://beta18.pospal.cn/Recharge/Rule	页面及DOM已读取-未逐按钮实测	2026-10-02T06:58:43.213Z
会员	权益互动	权益卡	https://beta18.pospal.cn/CustomerPrivilegeCard/Rule	页面及DOM已读取-未逐按钮实测	2026-10-02T06:58:44.545Z
会员	权益互动	每日签到	https://beta18.pospal.cn/EshopMarketing/RewardRuleForSignIn	页面及DOM已读取-未逐按钮实测	2026-10-02T06:58:45.832Z
会员	权益互动	积分商城	https://beta18.pospal.cn/CustomerSetting/CustomerPointExchangeRule	页面及DOM已读取-未逐按钮实测	2026-10-02T06:58:47.213Z
会员	权益互动	积分抽奖	https://beta18.pospal.cn/EshopMarketing/CustomerLotteryRule	页面及DOM已读取-未逐按钮实测	2026-10-02T06:58:48.497Z
会员	统计报表	会员RFM分析	https://beta18.pospal.cn/CustomerReport/CustomerRFM	页面及DOM已读取-未逐按钮实测	2026-10-02T06:58:49.849Z
会员	统计报表	客单价分析	https://beta18.pospal.cn/CustomerReport/PerTicketSalesAnalysis	页面及DOM已读取-未逐按钮实测	2026-10-02T06:58:51.144Z
会员	统计报表	近期消费时间	https://beta18.pospal.cn/CustomerReport/RecentConsumption	页面及DOM已读取-未逐按钮实测	2026-10-02T06:58:52.408Z
会员	统计报表	会员增长统计	https://beta18.pospal.cn/CustomerReport/NewCustomerSummary	页面及DOM已读取-未逐按钮实测	2026-10-02T06:58:53.699Z
会员	统计报表	会员消费汇总	https://beta18.pospal.cn/CustomerReport/CustomerConsumerSummary	页面及DOM已读取-未逐按钮实测	2026-10-02T06:58:55.062Z
会员	统计报表	会员构成分析	https://beta18.pospal.cn/Customer/Analysis	页面及DOM已读取-未逐按钮实测	2026-10-02T06:58:56.319Z
会员	统计报表	会员储值统计	https://beta18.pospal.cn/CardReport/ReconciliationStatement	页面及DOM已读取-未逐按钮实测	2026-10-02T06:58:57.636Z
会员	统计报表	项目充值明细	https://beta18.pospal.cn/CardReport/RechargeLogs	页面及DOM已读取-未逐按钮实测	2026-10-02T06:58:59.054Z
会员	统计报表	储值卡分析	https://beta18.pospal.cn/CustomerReport/RechargeAndConsumptionSummary	页面及DOM已读取-未逐按钮实测	2026-10-02T06:59:00.423Z
会员	统计报表	积分使用记录	https://beta18.pospal.cn/CardReport/CustomerPointUsage	页面及DOM已读取-未逐按钮实测	2026-10-02T06:59:01.722Z
会员	统计报表	积分获得记录	https://beta18.pospal.cn/CardReport/CustomerPointGain	页面及DOM已读取-未逐按钮实测	2026-10-02T06:59:03.056Z
会员	统计报表	积分分布	https://beta18.pospal.cn/CustomerReport/PointDistribution	页面及DOM已读取-未逐按钮实测	2026-10-02T06:59:04.333Z
会员	统计报表	场景营销参与明细	https://beta18.pospal.cn/EshopMarketing/MatchedSceneMarketingTicket	页面及DOM已读取-未逐按钮实测	2026-10-02T06:59:05.628Z
会员	统计报表	门店对账汇总	https://beta18.pospal.cn/CustomerReport/StoreStatementCustomerMoneySummary	页面及DOM已读取-未逐按钮实测	2026-10-02T06:59:06.922Z
营销	营销	工具箱	https://beta18.pospal.cn/CDP/CDPDashboard/Tools	页面及DOM已读取-未逐按钮实测	2026-10-02T06:59:08.613Z
营销	营销	全年营销	https://beta18.pospal.cn/MarketingPlan/ManageV2	页面及DOM已读取-未逐按钮实测	2026-10-02T06:59:10.572Z
营销	营销	营销日历	https://beta18.pospal.cn/CDP/CDPMarketingRule/Calendar	页面及DOM已读取-未逐按钮实测	2026-10-02T06:59:12.129Z
营销	营销	海报图库	https://beta18.pospal.cn/EshopMarketing/PosterTemplateV2	页面及DOM已读取-未逐按钮实测	2026-10-02T06:59:13.741Z
营销	营销	营销数据	https://beta18.pospal.cn/Promotion/Dashboard	页面及DOM已读取-未逐按钮实测	2026-10-02T06:59:15.059Z
营销	常规	促销活动	https://beta18.pospal.cn/Promotion/Manage	页面及DOM已读取-未逐按钮实测	2026-10-02T06:59:17.029Z
营销	常规	精准营销	https://beta18.pospal.cn/CustomerSetting/CustomerAnalyzerDashboard	页面及DOM已读取-未逐按钮实测	2026-10-02T06:59:18.370Z
营销	常规	精准营销记录	https://beta18.pospal.cn/CustomerReport/CustomerAutoMarketingLogs	页面及DOM已读取-未逐按钮实测	2026-10-02T06:59:19.676Z
营销	常规	场景营销	https://beta18.pospal.cn/EshopMarketing/SceneMarketing	页面及DOM已读取-未逐按钮实测	2026-10-02T06:59:21.041Z
营销	常规	护理定期维护	https://beta18.pospal.cn/Reminder/ProductReminderV2	页面及DOM已读取-未逐按钮实测	2026-10-02T06:59:22.417Z
营销	常规	推荐商品策略	https://beta18.pospal.cn/Recommendation/Rule	页面及DOM已读取-未逐按钮实测	2026-10-02T06:59:24.009Z
营销	常规	短信群发	https://beta18.pospal.cn/Customer/CustomerAnalyzer	页面及DOM已读取-未逐按钮实测	2026-10-02T06:59:26.013Z
营销	常规	短信发送记录	https://beta18.pospal.cn/Sms/Sentlogsv2	页面及DOM已读取-未逐按钮实测	2026-10-02T06:59:27.469Z
营销	营销活动	微信场景发券	https://beta18.pospal.cn/CloudApp/Index?pageUrl=https://cloudapp-pay{areaId}.pospal.cn/%23/additional/wechat-scene-coupon	页面及DOM已读取-未逐按钮实测	2026-10-02T06:59:29.937Z
营销	营销活动	邀请有礼	https://beta18.pospal.cn/EshopMarketing/CustomerReferral	页面及DOM已读取-未逐按钮实测	2026-10-02T06:59:31.578Z
营销	营销活动	拼团	https://beta18.pospal.cn/EshopMarketing/PeerPurchase	页面及DOM已读取-未逐按钮实测	2026-10-02T06:59:33.069Z
营销	营销活动	团购	https://beta18.pospal.cn/EshopMarketing/GroupPurchase	页面及DOM已读取-未逐按钮实测	2026-10-02T06:59:34.552Z
营销	营销活动	砍价	https://beta18.pospal.cn/EshopMarketing/BargainRule	页面及DOM已读取-未逐按钮实测	2026-10-02T06:59:36.061Z
营销	营销活动	秒杀	https://beta18.pospal.cn/EshopMarketing/SeckillRule	页面及DOM已读取-未逐按钮实测	2026-10-02T06:59:37.478Z
营销	营销活动	积点卡	https://beta18.pospal.cn/Customersetting/Stamp	页面及DOM已读取-未逐按钮实测	2026-10-02T06:59:38.841Z
营销	营销活动	裂变优惠券	https://beta18.pospal.cn/EshopMarketing/PromotionCouponFissionRule	页面及DOM已读取-未逐按钮实测	2026-10-02T06:59:40.252Z
营销	营销活动	助力瓜分优惠券	https://beta18.pospal.cn/EshopMarketing/PromotionCouponCarveUpRule	页面及DOM已读取-未逐按钮实测	2026-10-02T06:59:41.629Z
营销	营销活动	盲盒福袋	https://beta18.pospal.cn/EshopMarketing/PromotionBlindBoxRule	页面及DOM已读取-未逐按钮实测	2026-10-02T06:59:43.002Z
营销	营销活动	集字游戏	https://beta18.pospal.cn/EshopMarketing/CollectWordMarketingRule	页面及DOM已读取-未逐按钮实测	2026-10-02T06:59:44.307Z
营销	营销活动	社区团购	https://beta18.pospal.cn/EshopMarketing/CommunityGroupPurchase	页面及DOM已读取-未逐按钮实测	2026-10-02T06:59:45.642Z
营销	营销活动	问卷调研	https://beta18.pospal.cn/Questionnaire/Manage	页面及DOM已读取-未逐按钮实测	2026-10-02T06:59:47.031Z
营销	三方团购	美团团购(餐饮)	https://beta18.pospal.cn/Eshop/MeiTuanGroupPurchaseRule	页面及DOM已读取-未逐按钮实测	2026-10-02T06:59:48.447Z
营销	三方团购	美团团购对账(餐饮)	https://beta18.pospal.cn/JiChengApp/Index?pageUrl=https://meituan-group-report.pospal.cn	页面及DOM已读取-未逐按钮实测	2026-10-02T06:59:50.158Z
营销	三方团购	美团团购(综合)	https://beta18.pospal.cn/Eshop/MeiTuanGroupPurchaseRuleForCommon	页面及DOM已读取-未逐按钮实测	2026-10-02T06:59:51.448Z
营销	三方团购	美团品牌会员	https://beta18.pospal.cn/Eshop/MeiTuanMember	页面及DOM已读取-未逐按钮实测	2026-10-02T06:59:52.741Z
营销	三方团购	抖音团购	https://beta18.pospal.cn/EshopMarketing/DouyinCouponSetting	页面及DOM已读取-未逐按钮实测	2026-10-02T06:59:54.028Z
营销	三方团购	快手团购	https://beta18.pospal.cn/Setting/KuaiShouGroupPurchaseSetting	页面及DOM已读取-未逐按钮实测	2026-10-02T06:59:55.356Z
营销	三方团购	支付宝团购	https://beta18.pospal.cn/Eshop/AliGroupPurchaseRule	页面及DOM已读取-未逐按钮实测	2026-10-02T06:59:56.655Z
营销	三方团购	淘宝闪购团购	https://beta18.pospal.cn/Eshop/TBSGGroupPurchaseRule	页面及DOM已读取-未逐按钮实测	2026-10-02T06:59:57.931Z
营销	三方团购	京东团购	https://beta18.pospal.cn/Eshop/JDGroupPurchaseRule	页面及DOM已读取-未逐按钮实测	2026-10-02T06:59:59.315Z
营销	三方团购	高德团购	https://beta18.pospal.cn/Eshop/GDGroupPurchaseRule	页面及DOM已读取-未逐按钮实测	2026-10-02T07:00:00.570Z
营销	三方团购	小红书团购	https://beta18.pospal.cn/Setting/XiaoHongShuGroupPurchaseSetting	页面及DOM已读取-未逐按钮实测	2026-10-02T07:00:02.015Z
营销	卡券管理	优惠券	https://beta18.pospal.cn/Promotion/Coupon	页面及DOM已读取-未逐按钮实测	2026-10-02T07:00:03.981Z
营销	卡券管理	折扣卡	https://beta18.pospal.cn/ShoppingCard/Rule	页面及DOM已读取-未逐按钮实测	2026-10-02T07:00:05.633Z
营销	卡券管理	预付卡	https://beta18.pospal.cn/PrepaidCard/Rule	页面及DOM已读取-未逐按钮实测	2026-10-02T07:00:07.097Z
营销	卡券管理	礼品包	https://beta18.pospal.cn/GiftPackage/Manage	页面及DOM已读取-未逐按钮实测	2026-10-02T07:00:08.511Z
营销	推广	营销通管理	https://beta18.pospal.cn/MarketingOpen/Manage	页面及DOM已读取-未逐按钮实测	2026-10-02T07:00:09.952Z
营销	推广	商户联盟	https://beta18.pospal.cn/Alliance/CouponCommission	页面及DOM已读取-未逐按钮实测	2026-10-02T07:00:11.259Z
员工	员工	员工概览	https://beta18.pospal.cn/Guider/Dashboard	页面及DOM已读取-未逐按钮实测	2026-10-02T07:00:12.546Z
员工	员工中心	员工资料	https://beta18.pospal.cn/Employee/Manage	页面及DOM已读取-未逐按钮实测	2026-10-02T07:00:14.408Z
员工	员工中心	预约服务	https://beta18.pospal.cn/Appointment/AppointmentPlan	页面及DOM已读取-未逐按钮实测	2026-10-02T07:00:15.852Z
员工	员工中心	员工任务	https://beta18.pospal.cn/Guider/GuiderAssignment	页面及DOM已读取-未逐按钮实测	2026-10-02T07:00:17.240Z
员工	员工中心	提成方案	https://beta18.pospal.cn/CommissionPlan/Manage	页面及DOM已读取-未逐按钮实测	2026-10-02T07:00:18.571Z
员工	员工业绩	收银员业绩	https://beta18.pospal.cn/Cashier/CashHistory	页面及DOM已读取-未逐按钮实测	2026-10-02T07:00:20.005Z
员工	员工业绩	技师导购绩效	https://beta18.pospal.cn/Guider/GuiderCommissionCount	页面及DOM已读取-未逐按钮实测	2026-10-02T07:00:21.770Z
员工	员工业绩	绩效明细	https://beta18.pospal.cn/Guider/GuideHistory	页面及DOM已读取-未逐按钮实测	2026-10-02T07:00:23.215Z
员工	员工业绩	员工客流	https://beta18.pospal.cn/Guider/GuiderCustomerAnalysis	页面及DOM已读取-未逐按钮实测	2026-10-02T07:00:24.617Z
员工	员工业绩	员工实收业绩	https://beta18.pospal.cn/Guider/GuiderPerformanceStatistics	页面及DOM已读取-未逐按钮实测	2026-10-02T07:00:25.957Z
财务	支付	银豹付交易账单	https://beta18.pospal.cn/CloudApp/UnionPayBill	页面及DOM已读取-未逐按钮实测	2026-10-02T07:00:27.288Z
财务	结算	商家结算明细	https://beta18.pospal.cn/CloudApp/Index?pageUrl=https://cloudapp-pay{areaId}.pospal.cn/%23/additional/withdraw-settlement-details	页面及DOM已读取-未逐按钮实测	2026-10-02T07:00:28.714Z
财务	分账管理	分账系统介绍	https://beta18.pospal.cn/CloudApp/FenZhangAppLanding	页面及DOM已读取-未逐按钮实测	2026-10-02T07:00:30.466Z
财务	总账管理	总账	https://beta18.pospal.cn/Advanced/CloudFinanceLanding	页面及DOM已读取-未逐按钮实测	2026-10-02T07:00:32.627Z
设置	门店	牌号管理	https://beta18.pospal.cn/Setting/AreaAndTable	页面及DOM已读取-未逐按钮实测	2026-10-02T07:00:34.024Z
设置	门店	门店广告	https://beta18.pospal.cn/Setting/SecondScreenAD	页面及DOM已读取-未逐按钮实测	2026-10-02T07:00:35.405Z
设置	门店	收银端公告	https://beta18.pospal.cn/Setting/Notification	页面及DOM已读取-未逐按钮实测	2026-10-02T07:00:36.666Z
设置	门店	收款码	https://beta18.pospal.cn/Setting/ReceiveMoneyQRCode	页面及DOM已读取-未逐按钮实测	2026-10-02T07:00:38.182Z
设置	网店	基础设置	https://beta18.pospal.cn/EShop/NewInfo	页面及DOM已读取-未逐按钮实测	2026-10-02T07:00:41.402Z
设置	网店	网店装修	https://beta18.pospal.cn/EShop/Decoration	页面及DOM已读取-未逐按钮实测	2026-10-02T07:00:43.035Z
设置	网店	小程序装修	https://beta18.pospal.cn/Eshop/Wxminiapp	页面及DOM已读取-未逐按钮实测	2026-10-02T07:00:44.484Z
设置	网店	网店公告	https://beta18.pospal.cn/EShop/Remind	页面及DOM已读取-未逐按钮实测	2026-10-02T07:00:45.872Z
设置	网店	网店广告	https://beta18.pospal.cn/EShop/Banner	页面及DOM已读取-未逐按钮实测	2026-10-02T07:00:47.251Z
设置	网店	自助服务	https://beta18.pospal.cn/EShop/SelfServiceSettingV2	页面及DOM已读取-未逐按钮实测	2026-10-02T07:00:48.587Z
设置	网店	配送管理	https://beta18.pospal.cn/EshopSetting/TakeAwaySettingV2	页面及DOM已读取-未逐按钮实测	2026-10-02T07:00:51.005Z
设置	网店	自定义热卖	https://beta18.pospal.cn/EShop/HotSale	页面及DOM已读取-未逐按钮实测	2026-10-02T07:00:52.368Z
设置	网店	自助H5设置	https://beta18.pospal.cn/Eshop/SelfServiceH5Setting	页面及DOM已读取-未逐按钮实测	2026-10-02T07:00:53.701Z
设置	网店	公众号配置	https://beta18.pospal.cn/WeChatPublic/MenuSetting	页面及DOM已读取-未逐按钮实测	2026-10-02T07:00:56.450Z
设置	系统	系统设置	https://beta18.pospal.cn/Setting/BaseSystemSetting	页面及DOM已读取-未逐按钮实测	2026-10-02T07:00:58.367Z
设置	系统	账户管理	https://beta18.pospal.cn/Setting/Info	页面已读取-含开通入口	2026-10-02T07:01:00.938Z
设置	系统	支付方式	https://beta18.pospal.cn/Setting/PayMethod	页面及DOM已读取-未逐按钮实测	2026-10-02T07:01:02.301Z
设置	系统	发票配置	https://beta18.pospal.cn/Invoice/Setting	页面及DOM已读取-未逐按钮实测	2026-10-02T07:01:03.806Z
设置	系统	操作日志	https://beta18.pospal.cn/Setting/OperationLogs	页面及DOM已读取-未逐按钮实测	2026-10-02T07:01:05.188Z
设置	系统	使用参数设置	https://beta18.pospal.cn/Setting/SystemParamsSetting	页面及DOM已读取-未逐按钮实测	2026-10-02T07:01:06.699Z
设置	系统	推送通知设置	https://beta18.pospal.cn/Setting/SystemNoticeSettingV2	页面及DOM已读取-未逐按钮实测	2026-10-02T07:01:08.118Z
设置	系统	票据打印模板	https://beta18.pospal.cn/Setting/TemplateSetting	页面及DOM已读取-未逐按钮实测	2026-10-02T07:01:10.005Z
合伙人	报表分析	汇总统计	https://beta18.pospal.cn/Partner/DistributerSummary	页面及DOM已读取-未逐按钮实测	2026-10-02T07:01:11.500Z
合伙人	报表分析	推广统计	https://beta18.pospal.cn/Partner/DistributerCount	页面及DOM已读取-未逐按钮实测	2026-10-02T07:01:12.916Z
合伙人	报表分析	升级统计	https://beta18.pospal.cn/Partner/DistributerUpdateCount	页面及DOM已读取-未逐按钮实测	2026-10-02T07:01:14.214Z
合伙人	报表分析	佣金结算	https://beta18.pospal.cn/Partner/DistributerCommissionSettlement	页面及DOM已读取-未逐按钮实测	2026-10-02T07:01:15.621Z
合伙人	报表分析	门店出佣	https://beta18.pospal.cn/Partner/StoreOutCommissionReport	页面及DOM已读取-未逐按钮实测	2026-10-02T07:01:16.963Z
合伙人	报表分析	赠卡记录	https://beta18.pospal.cn/Partner/GiftCardAndCouponLog	页面及DOM已读取-未逐按钮实测	2026-10-02T07:01:18.391Z
合伙人	报表分析	忠诚度	https://beta18.pospal.cn/Partner/DistributerLoyaltyCount	页面及DOM已读取-未逐按钮实测	2026-10-02T07:01:19.740Z
合伙人	使用设置	全局设置	https://beta18.pospal.cn/Partner/Setting	页面及DOM已读取-未逐按钮实测	2026-10-02T07:01:21.150Z
合伙人	使用设置	分红方案	https://beta18.pospal.cn/Partner/BonusRule	页面及DOM已读取-未逐按钮实测	2026-10-02T07:01:22.785Z
合伙人	使用设置	股东管理	https://beta18.pospal.cn/Partner/Manage	页面及DOM已读取-未逐按钮实测	2026-10-02T07:01:24.176Z
合伙人	使用设置	股东赠卡	https://beta18.pospal.cn/Partner/GiftCardAndCouponList	页面及DOM已读取-未逐按钮实测	2026-10-02T07:01:25.542Z
合伙人	使用设置	推广规则	https://beta18.pospal.cn/Partner/DistributerRuleRemarks	页面及DOM已读取-未逐按钮实测	2026-10-02T07:01:26.840Z
定制	定制	分类销售概览	https://beta18.pospal.cn/Extension/Loreal/CategorySale	页面及DOM已读取-未逐按钮实测	2026-10-02T07:01:28.227Z
定制	定制	单据时段查询	https://beta18.pospal.cn/Extension/LongChengXiDian/Tickets	页面及DOM已读取-未逐按钮实测	2026-10-02T07:01:29.619Z
